                  epoch,         train/box_loss,         train/cls_loss,         train/dfl_loss,   metrics/precision(B),      metrics/recall(B),       metrics/mAP50(B),    metrics/mAP50-95(B),           val/box_loss,           val/cls_loss,           val/dfl_loss,                 lr/pg0,                 lr/pg1,                 lr/pg2
                      1,                 1.3016,                 2.2211,                   1.68,                0.46213,                0.41011,                0.39669,                0.15796,                  1.599,                 2.7068,                 2.0132,             0.00065591,             0.00065591,             0.00065591
                      2,                 1.3886,                 2.0028,                 1.7587,                0.45505,                0.45506,                0.40304,                0.16416,                 1.7945,                 3.2122,                 2.3446,              0.0010607,              0.0010607,              0.0010607
                      3,                 1.4323,                 1.8938,                 1.7731,                0.48714,                0.42697,                0.39204,                0.14897,                 1.9539,                  2.905,                 2.2522,              0.0012015,              0.0012015,              0.0012015
                      4,                 1.3915,                 1.8353,                 1.7313,                0.62693,                0.49157,                 0.5639,                0.30698,                 1.4831,                 1.9826,                 1.8778,               0.000812,               0.000812,               0.000812
                      5,                 1.3166,                 1.7238,                 1.6677,                0.68056,                0.53933,                 0.6236,                0.31873,                 1.5808,                 1.9997,                 1.9934,               0.000812,               0.000812,               0.000812
